,IDGlobal,DataSource,DataSourceID,Designation,Type,Period,AcquiredData,DataSourceDate,Township,Municipality,Latitude,Longitude,Datum,Scale,MeasurementUnit,ChamberMaterial,ChamberPresence,ChamberState,BurialMoundMeasureMethod,CorridorMeasureMethod,ChamberMeasureMethod,Shape,Diameter,Length,width,eixoEW,eixoNS,HeightMin,HeightMax,OrthostatInSitu,OrthostatExSitu,CapstonePresence,CapstoneState,CorridorPresence,CorridorOrthostats,CorridorOrthostatsSouth,CorridorOrthostatsNorth,LengthCorridor,Height,widthMax,BurialMoundState,BurialMoundPresence,DiameterBurialMound,HeightBurialMound
,D1,PA - MAP WEB,11742,Anta/Sepultura da Têra,Dolmen,n/a,########,n/a,Mora,Pavia,38.89147,-7.96998,WGS84,n/a,m,n/a,n/a,n/a,n.d,n.d,n.d,Ferradura,2.07,n/a,n/a,n/a,n/a,0.94,1.24,5,n/a,maybe,n/a,n/a,n/a,n/a,n/a,n/a,n/a,n/a,n/a,n/a,n/a,n/a
,D2,PA - MAP WEB,1874,Adua 1,Dolmen,Neo-Calcolítico;,########,n/a,Mora,Pavia,38.90512,-8.02433,WGS84,n/a,m,n/a,n/a,regular,n.d,n.d,n.d,polygonal,3.1,n/a,n/a,n/a,n/a,2,n/n,7,n/a,no,overturned,n/a,n/a,n/a,n/a,n/a,n/a,n/a,n/a,n/a,n/a,n/a
,D3,PA - MAP WEB,1880,Adua 2,Dolmen,Neo-Calcolítico;,########,n/a,Mora,Pavia,38.91101,-8.02942,WGS84,n/a,m,n/a,n/a,bad,n.d,n.d,n.d,n/a,n/a,n/a,n/a,n/a,n/a,n/a,n/a,n/a,n/a,maybe,ex situ,n/a,n/a,n/a,n/a,n/a,n/a,n/a,n/a,yes,n/a,n/a
,D4,PA - MAP WEB,1883,Adua 3,Dolmen,Neo-Calcolítico;,########,n/a,Mora,Pavia,38.9111,-8.03019,WGS84,n/a,m,n/a,n/a,n/a,n.d,n.d,n.d,Circular,1.62,n/a,n/a,n/a,n/a,n/a,n/a,8,n/a,n/a,n/a,n/a,6,n/a,n/a,n/a,n/a,n/a,n/a,n/a,n/a,n/a
,D5,PA - MAP WEB,12236,Adua 4,Dolmen,n/a,########,n/a,Mora,Pavia,38.91233,-8.03141,WGS84,n/a,m,granite,n/a,n/a,n.d,n.d,n.d,Circular,1.6,n/a,n/a,n/a,n/a,n/a,n/a,6,n/a,yes,in situ,n/a,5,n/a,n/a,n/a,n/a,n/a,n/a,yes,n/a,n/a
,D6,PA - MAP WEB,12237,Adua 5,Dolmen,Neo-Calcolítico;,########,n/a,Mora,Pavia,38.9099,-8.03274,WGS84,n/a,m,n/a,n/a,destroyed,n.d,n.d,n.d,n/a,n/a,n/a,n/a,n/a,n/a,n/a,n/a,2,n/a,n/a,n/a,n/a,n/a,n/a,n/a,n/a,n/a,n/a,n/a,maybe,n/a,n/a
,D7,PA - MAP WEB,12239,Adua 6,Dolmen,Neo-Calcolítico;,########,n/a,Mora,Pavia,38.90522,-8.03934,WGS84,n/a,m,n/a,n/a,bad,n.d,n.d,n.d,n/a,n/a,n/a,n/a,n/a,n/a,n/a,n/a,2,n/a,no,overturned,n/a,1,n/a,n/a,n/a,n/a,n/a,n/a,yes,n/a,n/a
,D8,PA - MAP WEB,12238,Adua 7,Dolmen,Neo-Calcolítico;,########,n/a,Mora,Pavia,38.90712,-8.03971,WGS84,n/a,m,quartz,n/a,regular,n.d,n.d,n.d,Ferradura,n/a,n/a,n/a,n/a,n/a,n/a,n/a,3,n/a,maybe,overturned,n/a,n/a,n/a,n/a,n/a,n/a,n/a,n/a,yes,n/a,n/a
,D9,PA - MAP WEB,26674,Alcarou de Baixo 2,Dolmen,Neo-Calcolítico;,########,n/a,Mora,Pavia,38.84026,-8.05076,WGS84,n/a,m,n/a,n/a,good,n.d,n.d,n.d,n/a,n/a,n/a,n/a,n/a,n/a,n/a,n/a,5,2,no,ex situ,n/a,9,4,5,n/a,n/a,n/a,n/a,yes,n/a,n/a
,D10,PA - MAP WEB,26678,Alcarou de Baixo 3,Dolmen,n/a,########,n/a,Mora,Pavia,38.84144,-8.05076,WGS84,n/a,m,n/a,n/a,n/a,n.d,n.d,n.d,n/a,n/a,n/a,n/a,n/a,n/a,n/a,n/a,n/a,n/a,n/a,n/a,n/a,n/a,n/a,n/a,n/a,n/a,n/a,n/a,n/a,n/a,n/a
,D11,PA - MAP WEB,610,Anta de Pavia; Capela de São Dinis; São Dionísio,Dolmen; Church,Neo-Calcolítico; Moderno,########,n/a,Mora,Pavia,38.89401,-8.0175,WGS84,n/a,m,n/a,n/a,good,n.d,n.d,n.d,polygonal,4,n/a,n/a,n/a,n/a,n/a,3,7,n/a,yes,in sito,yes,n/a,n/a,n/a,n/a,n/a,n/a,n/a,n/a,n/a,n/a
,D12,PA - MAP WEB,2279,Antões 1,Dolmen,Neo-Calcolítico;,########,n/a,Mora,Pavia,38.90934,-8.00916,WGS84,n/a,m,n/a,n/a,bad,n.d,n.d,n.d,polygonal,n/a,n/a,2.5,n/a,n/a,n/a,3,n/a,6,n/a,n/a,n/a,n/a,n/a,n/a,n/a,n/a,n/a,n/a,n/a,n/a,n/a
,D13,PA - MAP WEB,2280,Antões 2,Dolmen,Neo-Calcolítico;,########,n/a,Mora,Pavia,38.90889,-8.00916,WGS84,n/a,m,n/a,n/a,n/a,n.d,n.d,n.d,Oblonga,n/a,n/a,2,n/a,n/a,n/a,2.5,6,n/a,n/a,n/a,n/a,n/a,n/a,n/a,n/a,n/a,n/a,n/a,n/a,n/a,n/a
,D14,PA - MAP WEB,2281,Antões 3,Dolmen,Neo-Calcolítico;,########,n/a,Mora,Pavia,38.92897,-8.00336,WGS84,n/a,m,n/a,n/a,n/a,n.d,n.d,n.d,n/a,n/a,3.25,2.5,n/a,n/a,n/a,n/a,7,n/a,yes,n/a,yes,n/a,n/a,n/a,4.5,1.1,n/a,bad,n/a,n/a,n/a
,D15,PA - MAP WEB,12208,Antões 4,Dolmen,Neo-Calcolítico;,########,n/a,Mora,Pavia,38.91277,-8.01607,WGS84,n/a,m,n/a,n/a,bad,n.d,n.d,n.d,n/a,n/a,3.5,n/a,n/a,n/a,n/a,n/a,7,n/a,n/a,n/a,n/a,n/a,n/a,n/a,n/a,n/a,n/a,n/a,n/a,n/a,n/a
,D16,PA - MAP WEB,12209,Antões 5,Dolmen,Neo-Calcolítico;,########,n/a,Mora,Pavia,38.90916,-8.01239,WGS84,n/a,m,n/a,n/a,n/a,n.d,n.d,n.d,Trapeizodal,2,n/a,n/a,n/a,n/a,n/a,n/a,6,n/a,n/a,n/a,n/a,n/a,n/a,n/a,n/a,n/a,n/a,n/a,n/a,n/a,n/a
,D17,PA - MAP WEB,12210,Antões 6,Dolmen,Neo-Calcolítico;,########,n/a,Mora,Pavia,38.90646,-8.0109,WGS84,n/a,m,n/a,n/a,bad,n.d,n.d,n.d,n/a,n/a,n/a,n/a,n/a,n/a,n/a,n/a,3,2,n/a,n/a,n/a,n/a,n/a,n/a,n/a,n/a,n/a,n/a,n/a,n/a,n/a
,D18,PA - MAP WEB,1839,Barroca 3; Anta da 1 da Herdade da Barroca,Dolmen,Neo-Calcolítico;,########,n/a,Mora,Pavia,38.96318,-8.12887,WGS84,n/a,m,n/a,n/a,n/a,n.d,n.d,n.d,polygonal,n/a,n/a,n/a,2.2,2.9,n/a,n/a,n/a,n/a,n/a,n/a,yes,n/a,n/a,n/a,1.2,n/a,0.85,n/a,n/a,n/a,n/a
,D19,PA - MAP WEB,1462,Casa Branca 1; Marateca,Dolmen,Neo-Calcolítico;,########,n/a,Mora,Pavia,38.91096,-8.03718,WGS84,n/a,m,n/a,n/a,n/a,n.d,n.d,n.d,Circular,n/a,1.8,1.6,n/a,n/a,n/a,n/a,7,n/a,n/a,n/a,n/a,n/a,n/a,n/a,n/a,n/a,n/a,n/a,yes,n/a,n/a
,D20,PA - MAP WEB,1678,Casa Branca 2,Dolmen,Neo-Calcolítico;,########,n/a,Mora,Pavia,38.91767,-8.05778,WGS84,n/a,m,n/a,n/a,destroyed,n.d,n.d,n.d,n/a,n/a,n/a,n/a,n/a,n/a,n/a,n/a,n/a,n/a,n/a,n/a,n/a,n/a,n/a,n/a,n/a,n/a,n/a,n/a,maybe,n/a,n/a
,D21,PA - MAP WEB,1477,Casa Branca 3; Anta da Casa Branca da Estrada; Anta do Cabeço da Anta,Dolmen,Neo-Calcolítico;,########,n/a,Mora,Pavia,38.91795,-8.06362,WGS84,n/a,m,n/a,n/a,regular,n.d,n.d,n.d,n/a,3,n/a,n/a,n/a,n/a,n/a,1.3,9,1,yes,overturned,n/a,n/a,n/a,n/a,n/a,n/a,n/a,n/a,n/a,n/a,n/a
,D22,PA - MAP WEB,12242,Casa Branca 4,Dolmen,Neo-Calcolítico;,########,n/a,Mora,Pavia,38.90751,-8.05954,WGS84,n/a,m,n/a,n/a,bad,n.d,n.d,n.d,n/a,n/a,n/a,n/a,n/a,n/a,n/a,n/a,2,n/a,n/a,n/a,n/a,n/a,n/a,n/a,n/a,n/a,n/a,n/a,n/a,n/a,n/a
,D23,PA - MAP WEB,12241,Casa Branca 5,Dolmen,Neo-Calcolítico;,########,n/a,Mora,Pavia,38.92695,-8.06979,WGS84,n/a,m,n/a,n/a,n/a,n.d,n.d,n.d,n/a,n/a,n/a,n/a,n/a,n/a,n/a,n/a,4,n/a,n/a,n/a,n/a,7,n/a,n/a,n/a,n/a,n/a,n/a,n/a,n/a,n/a
,D24,PA - MAP WEB,12160,Casas Velhas 1,Dolmen,Neo-Calcolítico;,########,n/a,Mora,Pavia,38.86343,-7.95945,WGS84,n/a,m,n/a,n/a,regular,n.d,n.d,n.d,polygonal,n/a,n/a,n/a,n/a,n/a,n/a,n/a,7,n/a,yes,overturned,n/a,5,n/a,n/a,n/a,n/a,n/a,n/a,n/a,n/a,n/a
,D25,PA - MAP WEB,1676,Considreiro 1,Dolmen,Neo-Calcolítico;,########,n/a,Mora,Pavia,38.93823,-8.08786,WGS84,n/a,m,n/a,n/a,good,n.d,n.d,n.d,n/a,2.6,n/a,n/a,n/a,n/a,n/a,n/a,6,2,no,broken,n/a,n/a,n/a,n/a,n/a,n/a,n/a,n/a,n/a,n/a,n/a
,D26,PA - MAP WEB,12231,Cré 1,Dolmen,Neo-Calcolítico;,########,n/a,Mora,Pavia,38.86399,-7.97095,WGS84,n/a,m,n/a,n/a,good,n.d,n.d,n.d,n/a,2.1,n/a,n/a,n/a,n/a,n/a,n/a,8,n/a,n/a,n/a,yes,n/a,n/a,n/a,n/a,n/a,n/a,n/a,yes,n/a,n/a
,D27,PA - MAP WEB,12229,Cré 2,Dolmen,Neo-Calcolítico;,########,n/a,Mora,Pavia,38.86807,-7.97321,WGS84,n/a,m,n/a,n/a,regular,n.d,n.d,n.d,polygonal,2.1,n/a,n/a,n/a,n/a,n/a,n/a,7,n/a,n/a,n/a,n/a,3,n/a,n/a,n/a,n/a,0.84,n/a,n/a,n/a,n/a
,D28,PA - MAP WEB,12227,Cré 3,Dolmen,Neo-Calcolítico;,########,n/a,Mora,Pavia,38.8677,-7.979,WGS84,n/a,m,n/a,n/a,regular,n.d,n.d,n.d,n/a,n/a,n/a,n/a,n/a,n/a,n/a,n/a,2,3,no,overturned,n/a,3,n/a,n/a,n/a,n/a,n/a,n/a,yes,n/a,n/a
,D29,PA - MAP WEB,1680,Entreáguas 1,Dolmen,Neo-Calcolítico;,########,n/a,Mora,Pavia,38.93738,-8.04371,WGS84,n/a,m,n/a,n/a,n/a,n.d,n.d,n.d,polygonal,3.5,n/a,n/a,n/a,n/a,n/a,n/a,n/a,n/a,no,overturned,n/a,n/a,n/a,n/a,n/a,n/a,n/a,n/a,n/a,n/a,n/a
,D30,PA - MAP WEB,2459,Entreáguas 2,Dolmen,Neo-Calcolítico;,########,n/a,Mora,Pavia,38.93882,-8.04452,WGS84,n/a,m,n/a,n/a,n/a,n.d,n.d,n.d,n/a,n/a,n/a,n/a,n/a,n/a,n/a,n/a,n/a,n/a,n/a,n/a,n/a,4,n/a,n/a,n/a,n/a,n/a,n/a,n/a,n/a,n/a
,D31,PA - MAP WEB,2560,Entreáguas 3,Dolmen,Neo-Calcolítico;,########,n/a,Mora,Pavia,38.93846,-8.04429,WGS84,n/a,m,n/a,n/a,destroyed,n.d,n.d,n.d,n/a,n/a,n/a,n/a,n/a,n/a,n/a,n/a,n/a,n/a,no,overturned,yes,n/a,n/a,n/a,n/a,n/a,n/a,n/a,n/a,n/a,n/a
,D32,PA - MAP WEB,2531,Entreáguas 4; Anta do Forno,Dolmen,Neo-Calcolítico;,########,n/a,Mora,Pavia,38.93864,-8.0466,WGS84,n/a,m,n/a,n/a,destroyed,n.d,n.d,n.d,n/a,n/a,n/a,n/a,n/a,n/a,n/a,n/a,n/a,n/a,n/a,n/a,n/a,n/a,n/a,n/a,n/a,n/a,n/a,n/a,n/a,n/a,n/a
,D33,PA - MAP WEB,1863,Ferragial da Fonte,Dolmen,Neo-Calcolítico;,########,n/a,Mora,Pavia,38.8985,-8.01998,WGS84,n/a,m,n/a,n/a,destroyed,n.d,n.d,n.d,n/a,2.5,n/a,n/a,n/a,n/a,n/a,n/a,7,n/a,n/a,n/a,yes,n/a,n/a,n/a,3.5,n/a,n/a,n/a,n/a,n/a,n/a
,D34,PA - MAP WEB,1862,Ferragial de Nossa Senhora,Dolmen,Neo-Calcolítico;,########,n/a,Mora,Pavia,38.89053,-8.01672,WGS84,n/a,m,n/a,n/a,bad,n.d,n.d,n.d,n/a,n/a,n/a,n/a,n/a,n/a,n/a,n/a,n/a,n/a,n/a,n/a,n/a,n/a,n/a,n/a,n/a,n/a,n/a,n/a,n/a,n/a,n/a
,D35,PA - MAP WEB,12267,Figueiras 1,Dolmen,Neo-Calcolítico;,########,n/a,Mora,Pavia,38.90011,-7.97921,WGS84,n/a,m,n/a,n/a,n/a,n.d,n.d,n.d,n/a,n/a,n/a,n/a,n/a,n/a,n/a,n/a,n/a,n/a,yes,broken,n/a,n/a,n/a,n/a,n/a,n/a,n/a,bad,n/a,n/a,n/a
,D36,PA - MAP WEB,3469,Figueirinhas 3,Dolmen,Neo-Calcolítico;,########,n/a,Mora,Pavia,38.94372,-7.98776,WGS84,n/a,m,n/a,n/a,n/a,n.d,n.d,n.d,n/a,n/a,n/a,n/a,n/a,n/a,n/a,n/a,4,n/a,n/a,n/a,n/a,n/a,n/a,n/a,n/a,n/a,n/a,n/a,yes,n/a,n/a
,D37,PA - MAP WEB,1369,Folha da Anta,Dolmen,Neo-Calcolítico;,########,n/a,Mora,Pavia,38.94113,-8.07041,WGS84,n/a,m,n/a,n/a,destroyed,n.d,n.d,n.d,n/a,n/a,n/a,n/a,n/a,n/a,n/a,n/a,n/a,n/a,n/a,n/a,n/a,n/a,n/a,n/a,n/a,n/a,n/a,n/a,n/a,n/a,n/a
,D38,PA - MAP WEB,1867,Forca Velha,Dolmen,Neo-Calcolítico;,########,n/a,Mora,Pavia,38.89803,-8.02147,WGS84,n/a,m,n/a,n/a,destroyed,n.d,n.d,n.d,n/a,n/a,n/a,n/a,n/a,n/a,n/a,n/a,n/a,n/a,n/a,n/a,n/a,n/a,n/a,n/a,n/a,n/a,n/a,n/a,n/a,n/a,n/a
,D39,PA - MAP WEB,12166,Freixo,Dolmen,Neo-Calcolítico;,########,n/a,Mora,Pavia,38.88282,-8.0047,WGS84,n/a,m,n/a,n/a,destroyed,n.d,n.d,n.d,n/a,n/a,n/a,n/a,n/a,n/a,n/a,n/a,n/a,n/a,n/a,n/a,n/a,n/a,n/a,n/a,n/a,n/a,n/a,n/a,n/a,n/a,n/a
,D40,PA - MAP WEB,234,Gonçala 1,Dolmen,Neo-Calcolítico;,########,n/a,Mora,Pavia,38.94024,-8.0173,WGS84,n/a,m,n/a,n/a,good,n.d,n.d,n.d,polygonal,n/a,n/a,n/a,n/a,n/a,n/a,n/a,8,n/a,yes,in situ,n/a,7,n/a,n/a,4.4,n/a,n/a,bad,n/a,n/a,n/a
,D41,PA - MAP WEB,6915,Gonçala 2,Dolmen,Neo-Calcolítico;,########,n/a,Mora,Pavia,38.94419,-8.00737,WGS84,n/a,m,n/a,n/a,destroyed,n.d,n.d,n.d,n/a,n/a,n/a,n/a,n/a,n/a,n/a,n/a,n/a,n/a,n/a,n/a,n/a,n/a,n/a,n/a,n/a,n/a,n/a,n/a,vestige,n/a,n/a
,D42,PA - MAP WEB,12263,Gonçala 3,Dolmen,Neo-Calcolítico;,########,n/a,Mora,Pavia,38.94429,-8.00853,WGS84,n/a,m,n/a,n/a,good,n.d,n.d,n.d,Circular,1.82,n/a,n/a,n/a,n/a,n/a,n/a,8,n/a,n/a,n/a,n/a,6,3,3,2.38,n/a,n/a,n/a,n/a,n/a,n/a
,D43,PA - MAP WEB,12264,Gonçala 4,Dolmen,Neo-Calcolítico;,########,n/a,Mora,Pavia,38.94078,-8.01949,WGS84,n/a,m,n/a,n/a,bad,n.d,n.d,n.d,n/a,n/a,3.8,1.8,n/a,n/a,n/a,n/a,5,n/a,n/a,n/a,n/a,n/a,n/a,n/a,n/a,n/a,n/a,n/a,n/a,n/a,n/a
,D44,PA - MAP WEB,2505,Herdade das Figueiras 1,Dolmen,Neo-Calcolítico;,########,n/a,Mora,Pavia,38.90424,-7.98478,WGS84,n/a,m,n/a,n/a,n/a,n.d,n.d,n.d,n/a,n/a,n/a,n/a,n/a,n/a,n/a,n/a,n/a,n/a,yes,overturned,yes,n/a,n/a,n/a,n/a,n/a,n/a,n/a,n/a,n/a,n/a
,D45,PA - MAP WEB,1688,Lapeira 1; Anta da Tapada 1,Dolmen,Neo-Calcolítico;,########,n/a,Mora,Pavia,38.88932,-8.01158,WGS84,n/a,m,n/a,n/a,good,n.d,n.d,n.d,polygonal,3.4,n/a,n/a,n/a,n/a,n/a,2.5,7,n/a,n/a,n/a,n/a,1,n/a,n/a,n/a,n/a,n/a,n/a,n/a,n/a,n/a
,D46,PA - MAP WEB,1868,Lapeira 2; Anta da Tapada 2,Dolmen,Neo-Calcolítico;,########,n/a,Mora,Pavia,38.8914,-8.0092,WGS84,n/a,m,n/a,n/a,bad,n.d,n.d,n.d,polygonal,2,n/a,n/a,n/a,n/a,n/a,n/a,7,n/a,n/a,n/a,no,n/a,n/a,n/a,n/a,n/a,n/a,n/a,n/a,n/a,n/a
,D47,PA - MAP WEB,1869,Lapeira 3; Anta dos Covatos,Dolmen,Neo-Calcolítico;,########,n/a,Mora,Pavia,38.89265,-8.00283,WGS84,n/a,m,n/a,n/a,regular,n.d,n.d,n.d,n/a,2.4,n/a,n/a,n/a,n/a,n/a,n/a,5,n/a,no,overturned,n/a,6,n/a,n/a,n/a,n/a,n/a,n/a,yes,n/a,n/a
,D48,PA - MAP WEB,1884,Madre de Deus 1,Dolmen,Neo-Calcolítico;,########,n/a,Mora,Pavia,38.93069,-8.08034,WGS84,n/a,m,n/a,n/a,destroyed,n.d,n.d,n.d,n/a,n/a,n/a,n/a,n/a,n/a,n/a,n/a,n/a,n/a,n/a,n/a,no,n/a,n/a,n/a,n/a,n/a,n/a,n/a,n/a,n/a,n/a
,D49,PA - MAP WEB,12187,Madre de Deus 2,Dolmen,Neo-Calcolítico;,########,n/a,Mora,Pavia,38.92482,-8.08086,WGS84,n/a,m,n/a,n/a,destroyed,n.d,n.d,n.d,n/a,n/a,n/a,n/a,n/a,n/a,n/a,n/a,2,n/a,n/a,n/a,n/a,1,n/a,n/a,n/a,n/a,n/a,n/a,n/a,n/a,n/a
,D50,PA - MAP WEB,12188,Madre de Deus 3,Dolmen,Neo-Calcolítico;,########,n/a,Mora,Pavia,38.92623,-8.07752,WGS84,n/a,m,n/a,n/a,bad,n.d,n.d,n.d,n/a,n/a,n/a,n/a,n/a,n/a,n/a,n/a,2,n/a,n/a,n/a,n/a,n/a,n/a,n/a,n/a,n/a,n/a,n/a,n/a,n/a,n/a
,D51,PA - MAP WEB,1381,Matalote 1,Dolmen,Neo-Calcolítico;,########,n/a,Mora,Pavia,38.89689,-8.05517,WGS84,n/a,m,n/a,n/a,destroyed,n.d,n.d,n.d,polygonal,2.5,n/a,n/a,n/a,n/a,n/a,n/a,7,n/a,n/a,n/a,n/a,3,n/a,n/a,n/a,n/a,n/a,n/a,n/a,n/a,n/a
,D52,PA - MAP WEB,12185,Matalote 2,Dolmen,Neo-Calcolítico;,########,n/a,Mora,Pavia,38.90172,-8.05552,WGS84,n/a,m,n/a,n/a,bad,n.d,n.d,n.d,n/a,n/a,n/a,n/a,n/a,n/a,n/a,n/a,1,2,no,overturned,n/a,1,n/a,n/a,n/a,n/a,n/a,n/a,n/a,n/a,n/a
,D53,PA - MAP WEB,19835,Monte das Figueiras,Dolmen,Neolítico Médio;,########,n/a,Mora,Pavia,38.89063,-7.97693,WGS84,n/a,m,n/a,n/a,destroyed,n.d,n.d,n.d,n/a,n/a,n/a,n/a,n/a,n/a,n/a,n/a,n/a,n/a,n/a,n/a,n/a,n/a,n/a,n/a,n/a,n/a,n/a,n/a,n/a,n/a,n/a
,D54,PA - MAP WEB,1741,Montinho de Cima,Dolmen,Neo-Calcolítico;,########,n/a,Mora,Pavia,38.95507,-8.13592,WGS84,n/a,m,n/a,n/a,n/a,n.d,n.d,n.d,polygonal,n/a,n/a,n/a,1.8,1.5,n/a,n/a,n/a,n/a,yes,n/a,n/a,n/a,n/a,n/a,n/a,n/a,n/a,n/a,yes,22,55
,D55,PA - MAP WEB,4310,Oliveira 1,Dolmen,Neo-Calcolítico;,########,n/a,Mora,Pavia,38.92206,-7.95644,WGS84,n/a,m,n/a,n/a,n/a,n.d,n.d,n.d,polygonal,2.7,n/a,n/a,n/a,n/a,n/a,n/a,7,n/a,yes,in situ,yes,n/a,n/a,n/a,n/a,n/a,n/a,n/a,n/a,n/a,n/a
,D56,PA - MAP WEB,2494,Oliveira 2; Anta do Cabeço da Anta,Dolmen,Neo-Calcolítico;,########,n/a,Mora,Pavia,38.92251,-7.95587,WGS84,n/a,m,n/a,n/a,destroyed,n.d,n.d,n.d,n/a,n/a,n/a,n/a,n/a,n/a,n/a,n/a,n/a,n/a,n/a,n/a,n/a,n/a,n/a,n/a,n/a,n/a,n/a,n/a,n/a,n/a,n/a
,D57,PA - MAP WEB,2536,Oliveira 3,Dolmen,Neo-Calcolítico;,########,n/a,Mora,Pavia,38.92449,-7.95736,WGS84,n/a,m,n/a,n/a,n/a,n.d,n.d,n.d,polygonal,2.2,n/a,n/a,n/a,n/a,n/a,n/a,7,n/a,n/a,n/a,n/a,n/a,n/a,n/a,n/a,n/a,n/a,n/a,n/a,n/a,n/a
,D58,PA - MAP WEB,1858,Outeiro da Forca,Dolmen,Neo-Calcolítico;,########,n/a,Mora,Pavia,38.88007,-8.01728,WGS84,n/a,m,n/a,n/a,destroyed,n.d,n.d,n.d,n/a,n/a,n/a,n/a,n/a,n/a,n/a,n/a,n/a,n/a,n/a,n/a,n/a,n/a,n/a,n/a,n/a,n/a,n/a,n/a,n/a,n/a,n/a
,D59,PA - MAP WEB,1870,Pucícaros 1,Dolmen,Neo-Calcolítico;,########,n/a,Mora,Pavia,38.89135,-8.04089,WGS84,n/a,m,n/a,n/a,destroyed,n.d,n.d,n.d,n/a,n/a,n/a,n/a,n/a,n/a,n/a,n/a,n/a,n/a,n/a,n/a,n/a,n/a,n/a,n/a,n/a,n/a,n/a,n/a,n/a,n/a,n/a
,D60,PA - MAP WEB,1871,Pucícaros 2,Dolmen,Neo-Calcolítico;,########,n/a,Mora,Pavia,38.8927,-8.03916,WGS84,n/a,m,n/a,n/a,destroyed,n.d,n.d,n.d,n/a,n/a,n/a,n/a,n/a,n/a,n/a,n/a,n/a,n/a,n/a,n/a,n/a,n/a,n/a,n/a,n/a,n/a,n/a,n/a,n/a,n/a,n/a
,D61,PA - MAP WEB,2309,Remendo 1,Dolmen,Neo-Calcolítico;,########,n/a,Mora,Pavia,38.88798,-7.98102,WGS84,n/a,m,n/a,n/a,good,n.d,n.d,n.d,polygonal,n/a,n/a,n/a,n/a,n/a,n/a,n/a,7,n/a,yes,n/a,n/a,n/a,n/a,n/a,n/a,n/a,n/a,n/a,n/a,n/a,n/a
,D62,PA - MAP WEB,3318,Remendo 2,Dolmen,Neo-Calcolítico;,########,n/a,Mora,Pavia,38.88649,-7.97182,WGS84,n/a,m,n/a,n/a,good,n.d,n.d,n.d,polygonal,2.28,n/a,n/a,n/a,n/a,n/a,n/a,7,n/a,yes,in situ,yes,n/a,n/a,n/a,n/a,n/a,n/a,n/a,n/a,n/a,n/a
,D63,PA - MAP WEB,6916,São Miguel 1,Dolmen,Neo-Calcolítico;,########,n/a,Mora,Pavia,38.88273,-8.00124,WGS84,n/a,m,n/a,n/a,bad,n.d,n.d,n.d,n/a,n/a,n/a,n/a,n/a,n/a,n/a,n/a,1,1,n/a,n/a,n/a,n/a,n/a,n/a,n/a,n/a,n/a,n/a,yes,n/a,n/a
,D64,PA - MAP WEB,12193,São Miguel 2,Dolmen,Neo-Calcolítico;,########,n/a,Mora,Pavia,38.87715,-7.98229,WGS84,n/a,m,n/a,n/a,good,n.d,n.d,n.d,Circular,n/a,n/a,n/a,n/a,n/a,n/a,n/a,n/a,n/a,no,overturned,yes,n/a,n/a,n/a,n/a,n/a,n/a,n/a,n/a,n/a,n/a
,D65,PA - MAP WEB,12192,São Miguel 3,Dolmen,Neo-Calcolítico;,########,n/a,Mora,Pavia,38.88933,-7.981,WGS84,n/a,m,n/a,n/a,bad,n.d,n.d,n.d,n/a,n/a,n/a,n/a,n/a,n/a,n/a,n/a,n/a,n/a,n/a,n/a,n/a,n/a,n/a,n/a,n/a,n/a,n/a,n/a,vestige,n/a,n/a
,D66,PA - MAP WEB,39653,Tesas,Dolmen,Neo-Calcolítico;,########,n/a,Mora,Pavia,38.90525,-7.91968,WGS84,n/a,m,n/a,n/a,n/a,n.d,n.d,n.d,n/a,n/a,n/a,n/a,n/a,n/a,n/a,n/a,n/a,n/a,n/a,n/a,n/a,n/a,n/a,n/a,n/a,n/a,n/a,n/a,n/a,n/a,n/a
,D67,PA - MAP WEB,1807,Têra 1; Herdade da Têra 1,Dolmen,Neo-Calcolítico;,########,n/a,Mora,Pavia,38.89153,-7.9746,WGS84,n/a,m,n/a,n/a,good,n.d,n.d,n.d,polygonal,n/a,n/a,n/a,n/a,n/a,n/a,n/a,6,1,yes,in situ,n/a,n/a,n/a,n/a,n/a,n/a,n/a,n/a,n/a,n/a,n/a
,D68,PA - MAP WEB,39598,Têra 17,Dolmen,Neolítico;,########,n/a,Mora,Pavia,38.89138,-7.95657,WGS84,n/a,m,n/a,n/a,n/a,n.d,n.d,n.d,n/a,n/a,n/a,n/a,n/a,n/a,n/a,n/a,n/a,n/a,n/a,n/a,n/a,n/a,n/a,n/a,n/a,n/a,n/a,n/a,n/a,n/a,n/a
,D69,PA - MAP WEB,39599,Têra 18,Dolmen,Neolítico;,########,n/a,Mora,Pavia,38.89286,-7.95555,WGS84,n/a,m,n/a,n/a,n/a,n.d,n.d,n.d,n/a,n/a,n/a,n/a,n/a,n/a,n/a,n/a,n/a,n/a,n/a,n/a,n/a,n/a,n/a,n/a,n/a,n/a,n/a,n/a,n/a,n/a,n/a
,D70,PA - MAP WEB,11751,Têra 3,Dolmen,Neo-Calcolítico;,########,n/a,Mora,Pavia,38.89733,-7.96931,WGS84,n/a,m,n/a,n/a,good,n.d,n.d,n.d,n/a,n/a,n/a,n/a,n/a,n/a,n/a,n/a,2,n/a,yes,in situ,no,n/a,n/a,n/a,n/a,n/a,n/a,destroyed,n/a,n/a,n/a
,D71,PA - MAP WEB,11752,Têra 4,Dolmen,Neo-Calcolítico;,########,n/a,Mora,Pavia,38.89607,-7.97677,WGS84,n/a,m,n/a,n/a,destroyed,n.d,n.d,n.d,n/a,n/a,n/a,n/a,n/a,n/a,n/a,n/a,n/a,n/a,n/a,n/a,n/a,n/a,n/a,n/a,n/a,n/a,n/a,n/a,yes,n/a,n/a
,D72,PA - MAP WEB,11753,Têra 5,Dolmen,Neo-Calcolítico;,########,n/a,Mora,Pavia,38.89082,-7.9654,WGS84,n/a,m,n/a,n/a,destroyed,n.d,n.d,n.d,n/a,n/a,n/a,n/a,n/a,n/a,n/a,n/a,n/a,n/a,n/a,n/a,n/a,n/a,n/a,n/a,n/a,n/a,n/a,n/a,yes,n/a,n/a
,D73,PA - MAP WEB,2595,Vale de El Rei 1,Dolmen,Neo-Calcolítico;,########,n/a,Mora,Pavia,38.90553,-7.98703,WGS84,n/a,m,n/a,n/a,n/a,n.d,n.d,n.d,polygonal,2.4,n/a,n/a,n/a,n/a,n/a,n/a,7,n/a,yes,overturned,yes,n/a,n/a,n/a,2.25,n/a,n/a,n/a,n/a,n/a,n/a